 {"hpxtt": {    "cli-legacy" : {      "isolationData" : "hpisol_0845b09a-5d65-4fa7-919c-08a7522beefc.bin",      "isolationTestNoiseCancelingHeadphone" : "false",      "isolationResponseDB" : ["-0.0442064", "-0.0442064", "0.357549", "0.32782", "1.1689", "-5.1978", "-20.5702", "-12.1005"],      "isolationResponseNCDB" : ["0", "0", "0", "0", "0", "0", "0", "0"],      "headphoneResponseDB" : ["4.43723", "4.43723", "2.12427", "2.95579", "7.41728", "6.08112", "-2.16977", "-3.17365"],      "isolationFrequency" : ["250", "250", "500", "1000", "2000", "4000", "8000", "12000"],      "calibrationSplLevel" : "0.00",      "calibrationPlot" : "cal_0845b09a-5d65-4fa7-919c-08a7522beefc.bin",      "analysisPlot" : "eq_0845b09a-5d65-4fa7-919c-08a7522beefc.bin",      "sensitivityRms" : "0.013365"    },    "tuning" : {       "isolation" : {         "resultFile" : "hpisol_0845b09a-5d65-4fa7-919c-08a7522beefc.bin",        "ancHeadphone" : "false",        "response" : {          "normal" : "-0.0442064, -0.0442064, 0.357549, 0.32782, 1.1689, -5.1978, -20.5702, -12.1005",          "anc" : "0, 0, 0, 0, 0, 0, 0, 0",          "headphone" : "4.43723, 4.43723, 2.12427, 2.95579, 7.41728, 6.08112, -2.16977, -3.17365",          "frequency" : "250, 250, 500, 1000, 2000, 4000, 8000, 12000"        }      },      "calibration" : {         "refSpl" : "0.00",        "plotFile" : "cal_0845b09a-5d65-4fa7-919c-08a7522beefc.bin"      },      "3deq" : {         "plotFile" : "eq_0845b09a-5d65-4fa7-919c-08a7522beefc.bin"      },      "sensitivity" : {         "vrms" : "0.013365"      }    },    "headphoneName" : "Senn HP Test",    "renderEntityUuid" : "",    "configuration" : {        "appName" : "hpxtt-cli",        "appVersion" : "0.1.0.8"    } }, "spec": {          "eagle": {            "user": {},            "filtCoef": {              "# EQ filter coefficients": "These can all go into one dtscs file for the headphones.",              "# URI": "The URI should point to an address on the DWS.",              "aeqFiltCoefUri": "9331e2ca-b193-42e0-a8a5-90d13492c09c.aeq.dtscs",              "aeqFileCoefUuid": "9331e2ca-b193-42e0-a8a5-90d13492c09c",              "hpxHeadphoneMultichannelCoefUri": "0845b09a-5d65-4fa7-919c-08a7522beefc.3deq.dtscs",              "hpxHeadphoneMultichannelCoefUuid": "0845b09a-5d65-4fa7-919c-08a7522beefc"            },            "roomFiltCoef": {              "hpxRoomMultiChUri": "room_84753ae9b11d4b9aaca888fefceff0a6.dtscs",              "hpxRoomMultiChUuid": "84753ae9b11d4b9aaca888fefceff0a6",              "hpxRoomStereoWideUri": "room_ca7e22ae088a4439a6bec5ee48596a73.dtscs",              "hpxRoomStereoWideUuid": "ca7e22ae088a4439a6bec5ee48596a73",              "hpxRoomStereoFrontUri": "room_397446f792c74a4380619a35c9146a55.dtscs",              "hpxRoomStereoFrontUuid": "397446f792c74a4380619a35c9146a55"            },            "settings": {              "premix": {                "#Output device": "1 specifies headphones (and Headphone:X)",                "eaglePremixOutputDevice": 1              },              "premixFade": {},              "postmix": {                "#Output device": "1 specifies headphones (and Headphone:X)",                "eaglePostmixOutputDevice": 1,                "#HPEQ": "Note that HPEQ is a bypass flag, NOT an enable flag!",                "eaglePostmixHpxBypassHpeqMultiCh": 0,                "eaglePostmixHpxBypassHpeqSsFront": 1,                "eaglePostmixHpxBypassHpeqSsWide": 1,                "eaglePostmixHpxBypassHpeqStereo": 0,                "eaglePostmixHpxBypassHpeqBypass": 1,                "eaglePostmixHpxBypassHpeqDownmix": 1,                "#AEQ": "Note that AEQ is an enable flag, NOT a bypass flag!",                "eaglePostmixAeqEnMultiCh": 1,                "eaglePostmixAeqEnSsFront": 0,                "eaglePostmixAeqEnSsWide": 0,                "eaglePostmixAeqEnStereo": 1,                "eaglePostmixAeqEnBypass": 0,                "eaglePostmixAeqEnDownmix": 0              },              "postmixFade": {}            },            "geq": {},            "personalized": {              "user": {},              "hardware": {}         }      }    }}